peptide_class,sequence,paper_template_id,aa_frac_A,aa_frac_C,aa_frac_D,aa_frac_E,aa_frac_F,aa_frac_G,aa_frac_H,aa_frac_I,aa_frac_K,aa_frac_L,aa_frac_M,aa_frac_N,aa_frac_P,aa_frac_Q,aa_frac_R,aa_frac_S,aa_frac_T,aa_frac_V,aa_frac_W,aa_frac_Y,length,mean_hydropathy,hydrophobic_frac,aromatic_frac,positive_frac,negative_frac,polar_frac,net_charge_proxy,entropy,max_run_fraction,unique_residue_fraction
15-mer,FAKKKIKGKIIKKVL,paper_template_001,0.06666666666666667,0.0,0.0,0.0,0.06666666666666667,0.06666666666666667,0.0,0.2,0.4666666666666667,0.06666666666666667,0.0,0.0,0.0,0.0,0.0,0.0,0.0,0.06666666666666667,0.0,0.0,15.0,-0.10666666666666676,0.4666666666666667,0.06666666666666667,0.4666666666666667,0.0,0.4666666666666667,7.0,2.279799131837405,0.2,0.4666666666666667
16-mer,GLFDVIKKVASVIKKL,paper_template_002,0.0625,0.0,0.0625,0.0,0.0625,0.0625,0.0,0.125,0.25,0.125,0.0,0.0,0.0,0.0,0.0,0.0625,0.0,0.1875,0.0,0.0,16.0,0.84375,0.5625,0.0625,0.25,0.0625,0.375,3.0,2.952819531114783,0.125,0.5625
17-mer,FLKKIVKKIKKHIKKAL,paper_template_003,0.058823529411764705,0.0,0.0,0.0,0.058823529411764705,0.0,0.058823529411764705,0.17647058823529413,0.47058823529411764,0.11764705882352941,0.0,0.0,0.0,0.0,0.0,0.0,0.0,0.058823529411764705,0.0,0.0,17.0,-0.264705882352941,0.47058823529411764,0.058823529411764705,0.5294117647058824,0.0,0.5294117647058824,8.1,2.2783518117113117,0.11764705882352941,0.4117647058823529
18-mer,PAWRKAKRWAWRMLKKAA,paper_template_004,0.2777777777777778,0.0,0.0,0.0,0.0,0.0,0.0,0.0,0.2222222222222222,0.05555555555555555,0.05555555555555555,0.0,0.05555555555555555,0.0,0.16666666666666666,0.0,0.0,0.0,0.16666666666666666,0.0,18.0,-1.0388888888888888,0.5555555555555556,0.16666666666666666,0.3888888888888889,0.0,0.5555555555555556,7.0,2.5521796970665487,0.1111111111111111,0.3888888888888889
19-mer (AC-P19),FAKKLAKLKKKLAKLALAL,paper_template_005,0.2631578947368421,0.0,0.0,0.0,0.05263157894736842,0.0,0.0,0.0,0.3684210526315789,0.3157894736842105,0.0,0.0,0.0,0.0,0.0,0.0,0.0,0.0,0.0,0.0,19.0,0.38421052631578945,0.631578947368421,0.05263157894736842,0.3684210526315789,0.0,0.3684210526315789,7.0,1.7863012011716393,0.15789473684210525,0.21052631578947367
20-mer,KWKLFKKIGIGLTLPPAKAY,paper_template_006,0.1,0.0,0.0,0.0,0.05,0.1,0.0,0.1,0.25,0.15,0.0,0.0,0.1,0.0,0.0,0.0,0.05,0.0,0.05,0.05,20.0,0.019999999999999997,0.5,0.15,0.25,0.0,0.4,5.0,3.1037016960573482,0.1,0.5
